Nguyen Van A,nguyenvana@example.com,1990-05-15,2023-09-18 10:00:00,password123,NULL
Le Thi B,lethib@example.com,1988-02-25,2023-09-18 11:00:00,password456,NULL
Tran Van C,tranvanc@example.com,1992-07-20,2023-09-18 12:00:00,password789,NULL
Pham Thi D,phamthid@example.com,1995-09-12,2023-09-18 13:00:00,password321,NULL
Do Van E,dovane@example.com,1985-11-30,2023-09-18 14:00:00,password654,NULL
Hoang Thi F,hoangthif@example.com,1993-03-04,2023-09-18 15:00:00,password987,NULL
Nguyen Van G,nguyenvang@example.com,1991-08-17,2023-09-18 16:00:00,password159,NULL
Le Thi H,lethih@example.com,1990-12-22,2023-09-18 17:00:00,password753,NULL
Tran Van I,tranvani@example.com,1989-06-05,2023-09-18 18:00:00,password852,NULL
Pham Thi J,phamthij@example.com,1994-01-10,2023-09-18 19:00:00,password951,NULL
Do Van K,dovank@example.com,1997-04-22,2023-09-18 20:00:00,password159753,NULL
Hoang Thi L,hoangthil@example.com,1986-10-30,2023-09-18 21:00:00,password357,NULL
Nguyen Van M,nguyenvanm@example.com,1992-02-28,2023-09-18 22:00:00,password258,NULL
Le Thi N,lethin@example.com,1993-09-03,2023-09-18 23:00:00,password654321,NULL
Tran Van O,tranvano@example.com,1991-11-15,2023-09-18 09:00:00,password456789,NULL
